cmpd_id,subset,fold
CHEMBL577501,train_valid,0
CHEMBL204490,train_valid,0
CHEMBL566208,train_valid,0
CHEMBL1945248,train_valid,0
CHEMBL345689,train_valid,0
CHEMBL391864,train_valid,0
CHEMBL306208,train_valid,0
CHEMBL2338049,train_valid,0
CHEMBL1945243,train_valid,0
CHEMBL366170,train_valid,0
CHEMBL598202,train_valid,0
CHEMBL2206526,train_valid,0
CHEMBL425010,train_valid,0
CHEMBL2338031,train_valid,0
CHEMBL605502,train_valid,0
CHEMBL3105242,train_valid,0
CHEMBL190937,train_valid,0
CHEMBL610766,train_valid,0
CHEMBL311347,train_valid,0
CHEMBL241648,train_valid,0
CHEMBL202479,train_valid,0
CHEMBL566050,train_valid,0
CHEMBL2206514,train_valid,0
CHEMBL2337594,train_valid,0
CHEMBL603540,train_valid,0
CHEMBL612,train_valid,0
CHEMBL2337590,train_valid,0
CHEMBL588119,train_valid,0
CHEMBL2206511,train_valid,0
CHEMBL2206516,train_valid,0
CHEMBL190703,train_valid,0
CHEMBL67387,train_valid,0
CHEMBL566886,train_valid,0
CHEMBL2206524,train_valid,0
CHEMBL2337595,train_valid,0
CHEMBL2338044,train_valid,0
CHEMBL1214005,train_valid,0
CHEMBL1946574,train_valid,0
CHEMBL2206530,train_valid,0
CHEMBL2206536,train_valid,0
CHEMBL2338033,train_valid,0
CHEMBL396402,train_valid,0
CHEMBL207867,train_valid,0
CHEMBL2206513,train_valid,0
CHEMBL202518,train_valid,0
CHEMBL569699,train_valid,0
CHEMBL2337591,train_valid,0
CHEMBL174088,train_valid,0
CHEMBL1945253,train_valid,0
CHEMBL215376,train_valid,0
CHEMBL202410,train_valid,0
CHEMBL2337605,train_valid,0
CHEMBL394158,train_valid,0
CHEMBL42553,train_valid,0
CHEMBL1945244,train_valid,0
CHEMBL565396,train_valid,0
CHEMBL397889,train_valid,0
CHEMBL153062,train_valid,0
CHEMBL201666,train_valid,0
CHEMBL106939,train_valid,0
CHEMBL275212,train_valid,0
CHEMBL569465,train_valid,0
CHEMBL1944973,train_valid,0
CHEMBL189375,train_valid,0
CHEMBL363396,train_valid,0
CHEMBL2338035,train_valid,0
CHEMBL133070,train_valid,0
CHEMBL1944975,train_valid,0
CHEMBL3323088,train_valid,0
CHEMBL1944977,train_valid,0
CHEMBL195437,train_valid,0
CHEMBL1945781,train_valid,0
CHEMBL1945778,train_valid,0
CHEMBL114275,train_valid,0
CHEMBL2206533,train_valid,0
CHEMBL2206532,train_valid,0
CHEMBL2048522,train_valid,0
CHEMBL2113054,train_valid,0
CHEMBL605209,train_valid,0
CHEMBL578815,train_valid,0
CHEMBL2338041,train_valid,0
CHEMBL516825,train_valid,0
CHEMBL202420,train_valid,0
CHEMBL1947088,train_valid,0
CHEMBL1790051,train_valid,0
CHEMBL372312,train_valid,0
CHEMBL2021580,train_valid,0
CHEMBL598825,train_valid,0
CHEMBL2337606,train_valid,0
CHEMBL2337592,train_valid,0
CHEMBL600645,train_valid,0
CHEMBL608151,train_valid,0
CHEMBL381127,train_valid,0
CHEMBL239302,train_valid,0
CHEMBL2206522,train_valid,0
CHEMBL432394,train_valid,0
CHEMBL1944831,train_valid,0
CHEMBL189367,train_valid,0
CHEMBL578610,train_valid,0
CHEMBL253387,train_valid,0
CHEMBL186119,train_valid,0
CHEMBL2048524,train_valid,0
CHEMBL239301,train_valid,0
CHEMBL2206512,train_valid,0
CHEMBL596809,train_valid,0
CHEMBL1944833,train_valid,0
CHEMBL362783,train_valid,0
CHEMBL188964,train_valid,0
CHEMBL426304,train_valid,0
CHEMBL559741,train_valid,0
CHEMBL204254,train_valid,0
CHEMBL192528,train_valid,0
CHEMBL413562,train_valid,0
CHEMBL1944832,train_valid,0
CHEMBL390742,train_valid,0
CHEMBL23034,train_valid,0
CHEMBL1947087,train_valid,0
CHEMBL1214060,train_valid,0
CHEMBL462410,train_valid,0
CHEMBL4226242,train_valid,0
CHEMBL205082,train_valid,0
CHEMBL1947099,train_valid,0
CHEMBL525952,train_valid,0
CHEMBL203562,train_valid,0
CHEMBL205028,train_valid,0
CHEMBL2206515,train_valid,0
CHEMBL602235,train_valid,0
CHEMBL576063,train_valid,0
CHEMBL28394,train_valid,0
CHEMBL353333,train_valid,0
CHEMBL2206525,train_valid,0
CHEMBL566000,train_valid,0
CHEMBL238867,train_valid,0
CHEMBL3105243,train_valid,0
CHEMBL201960,train_valid,0
CHEMBL14924,train_valid,0
CHEMBL2338047,train_valid,0
CHEMBL22183,train_valid,0
CHEMBL528995,train_valid,0
CHEMBL278165,train_valid,0
CHEMBL1818442,train_valid,0
CHEMBL2337588,train_valid,0
CHEMBL1214059,train_valid,0
CHEMBL2338046,train_valid,0
CHEMBL14257,train_valid,0
CHEMBL203563,train_valid,0
CHEMBL2337596,train_valid,0
CHEMBL2206528,train_valid,0
CHEMBL2337593,train_valid,0
CHEMBL1643897,train_valid,0
CHEMBL2206527,train_valid,0
CHEMBL565845,train_valid,0
CHEMBL1944829,train_valid,0
CHEMBL599241,train_valid,0
CHEMBL253182,train_valid,0
CHEMBL1947089,train_valid,0
CHEMBL565844,train_valid,0
CHEMBL567481,train_valid,0
CHEMBL2337586,train_valid,0
CHEMBL565593,train_valid,0
CHEMBL2338043,train_valid,0
CHEMBL66068,train_valid,0
CHEMBL382768,train_valid,0
CHEMBL365649,train_valid,0
CHEMBL192619,train_valid,0
CHEMBL51697,train_valid,0
CHEMBL2048520,train_valid,0
CHEMBL2206523,train_valid,0
CHEMBL1944970,train_valid,0
CHEMBL611990,train_valid,0
CHEMBL192824,train_valid,0
CHEMBL204538,train_valid,0
CHEMBL462585,train_valid,0
CHEMBL2338050,train_valid,0
CHEMBL592696,train_valid,0
CHEMBL566832,train_valid,0
CHEMBL3298876,train_valid,0
CHEMBL14613,train_valid,0
CHEMBL2338040,train_valid,0
CHEMBL14531,train_valid,0
CHEMBL143707,train_valid,0
CHEMBL566001,train_valid,0
CHEMBL1214006,train_valid,0
CHEMBL203403,train_valid,0
CHEMBL1947098,train_valid,0
CHEMBL566830,train_valid,0
CHEMBL398370,train_valid,0
CHEMBL2338034,train_valid,0
CHEMBL2112916,train_valid,0
CHEMBL555491,train_valid,0
CHEMBL290106,train_valid,0
CHEMBL203640,train_valid,0
CHEMBL400964,train_valid,0
CHEMBL2337604,train_valid,0
CHEMBL578612,train_valid,0
CHEMBL195585,train_valid,0
CHEMBL173427,train_valid,0
CHEMBL2206508,train_valid,0
CHEMBL335423,train_valid,0
CHEMBL190860,train_valid,0
CHEMBL558086,train_valid,0
CHEMBL2338032,train_valid,0
CHEMBL239297,train_valid,0
CHEMBL567480,train_valid,0
CHEMBL597608,train_valid,0
CHEMBL1944974,train_valid,0
CHEMBL2338045,train_valid,0
CHEMBL1947090,train_valid,0
CHEMBL565594,train_valid,0
CHEMBL894,train_valid,0
CHEMBL2338036,train_valid,0
CHEMBL1944830,train_valid,0
CHEMBL2206307,train_valid,0
CHEMBL1944827,train_valid,0
CHEMBL238868,train_valid,0
CHEMBL2337603,train_valid,0
CHEMBL1947100,train_valid,0
CHEMBL608703,train_valid,0
CHEMBL379679,train_valid,0
CHEMBL2113217,train_valid,0
CHEMBL1945245,train_valid,0
CHEMBL599242,train_valid,0
CHEMBL2338039,train_valid,0
CHEMBL1944979,train_valid,0
CHEMBL394157,train_valid,0
CHEMBL104673,train_valid,0
CHEMBL592375,train_valid,0
CHEMBL202846,train_valid,0
CHEMBL107077,train_valid,0
CHEMBL606120,train_valid,0
CHEMBL2337607,train_valid,0
CHEMBL2337587,train_valid,0
CHEMBL2206534,train_valid,0
CHEMBL1944640,train_valid,0
CHEMBL2113055,train_valid,0
CHEMBL242338,train_valid,0
CHEMBL241647,train_valid,0
CHEMBL380699,train_valid,0
CHEMBL538876,train_valid,0
CHEMBL379446,train_valid,0
CHEMBL578611,train_valid,0
CHEMBL2206510,train_valid,0
CHEMBL428706,train_valid,0
CHEMBL1945780,train_valid,0
CHEMBL598216,train_valid,0
CHEMBL2206519,train_valid,0
CHEMBL566207,train_valid,0
CHEMBL2206529,train_valid,0
CHEMBL190700,train_valid,0
CHEMBL1945251,train_valid,0
CHEMBL385173,train_valid,0
CHEMBL2337602,train_valid,0
CHEMBL186306,train_valid,0
CHEMBL2206509,train_valid,0
CHEMBL553937,train_valid,0
CHEMBL187935,train_valid,0
CHEMBL2338048,train_valid,0
CHEMBL2048519,train_valid,0
CHEMBL597190,train_valid,0
CHEMBL202348,train_valid,0
CHEMBL2048525,train_valid,0
CHEMBL2338042,train_valid,0
CHEMBL2337608,train_valid,0
CHEMBL2021581,train_valid,0
CHEMBL253184,train_valid,0
CHEMBL1944976,train_valid,0
CHEMBL1214007,train_valid,0
CHEMBL1947091,train_valid,0
CHEMBL2338051,train_valid,0
CHEMBL2206517,train_valid,0
CHEMBL1944824,train_valid,0
CHEMBL2338053,train_valid,0
CHEMBL2206507,train_valid,0
CHEMBL1945252,train_valid,0
CHEMBL1944980,train_valid,0
CHEMBL814,train_valid,0
CHEMBL1945247,train_valid,0
CHEMBL4066427,train_valid,0
CHEMBL2048521,train_valid,0
CHEMBL59,train_valid,0
CHEMBL132683,train_valid,0
CHEMBL2112915,train_valid,0
CHEMBL565382,train_valid,0
CHEMBL203488,train_valid,0
CHEMBL241228,train_valid,0
CHEMBL184807,train_valid,0
CHEMBL1944828,train_valid,0
CHEMBL273575,train_valid,0
CHEMBL1944971,train_valid,0
CHEMBL185608,train_valid,0
CHEMBL393625,train_valid,0
CHEMBL1289,train_valid,0
CHEMBL2206521,train_valid,0
CHEMBL157455,train_valid,0
CHEMBL565397,train_valid,0
CHEMBL2337589,train_valid,0
CHEMBL1944972,train_valid,0
CHEMBL576622,train_valid,0
CHEMBL218082,train_valid,0
CHEMBL2337598,train_valid,0
CHEMBL365812,train_valid,0
CHEMBL230000,train_valid,0
CHEMBL1944978,train_valid,0
CHEMBL462431,train_valid,0
CHEMBL2206520,train_valid,0
CHEMBL239079,train_valid,0
CHEMBL202409,train_valid,0
CHEMBL488638,train_valid,0
CHEMBL1945246,train_valid,0
CHEMBL2048523,train_valid,0
CHEMBL201978,train_valid,0
CHEMBL216736,train_valid,0
CHEMBL2338052,train_valid,0
CHEMBL2206518,train_valid,0
CHEMBL2337597,train_valid,0
CHEMBL2079586,train_valid,0
CHEMBL568140,train_valid,0
CHEMBL2338038,train_valid,0
CHEMBL599638,train_valid,0
CHEMBL14305,train_valid,0
CHEMBL599845,train_valid,0
CHEMBL2206531,train_valid,0
CHEMBL235569,train_valid,0
CHEMBL2206535,train_valid,0
CHEMBL348552,train_valid,0
CHEMBL2338037,train_valid,0
CHEMBL241646,train_valid,0
CHEMBL1085567,train_valid,1
CHEMBL611677,train_valid,1
CHEMBL436132,train_valid,1
CHEMBL383879,train_valid,1
CHEMBL596715,train_valid,1
CHEMBL221903,train_valid,1
CHEMBL1085959,train_valid,1
CHEMBL1078076,train_valid,1
CHEMBL512636,train_valid,1
CHEMBL436673,train_valid,1
CHEMBL599592,train_valid,1
CHEMBL1078742,train_valid,1
CHEMBL229381,train_valid,1
CHEMBL1173594,train_valid,1
CHEMBL260258,train_valid,1
CHEMBL1080788,train_valid,1
CHEMBL478834,train_valid,1
CHEMBL198177,train_valid,1
CHEMBL1078163,train_valid,1
CHEMBL596714,train_valid,1
CHEMBL264680,train_valid,1
CHEMBL390743,train_valid,1
CHEMBL407732,train_valid,1
CHEMBL341898,train_valid,1
CHEMBL223166,train_valid,1
CHEMBL1173087,train_valid,1
CHEMBL3940791,train_valid,1
CHEMBL1173752,train_valid,1
CHEMBL220766,train_valid,1
CHEMBL516094,train_valid,1
CHEMBL1173751,train_valid,1
CHEMBL1083426,train_valid,1
CHEMBL1179011,train_valid,1
CHEMBL1172381,train_valid,1
CHEMBL359025,train_valid,1
CHEMBL3704758,train_valid,1
CHEMBL218568,train_valid,1
CHEMBL3946788,train_valid,1
CHEMBL515936,train_valid,1
CHEMBL344116,train_valid,1
CHEMBL250008,train_valid,1
CHEMBL219116,train_valid,1
CHEMBL1254439,train_valid,1
CHEMBL26478,train_valid,1
CHEMBL1173342,train_valid,1
CHEMBL198706,train_valid,1
CHEMBL2062931,train_valid,1
CHEMBL218894,train_valid,1
CHEMBL1086275,train_valid,1
CHEMBL384199,train_valid,1
CHEMBL28149,train_valid,1
CHEMBL219048,train_valid,1
CHEMBL232671,train_valid,1
CHEMBL398559,train_valid,1
CHEMBL387117,train_valid,1
CHEMBL3704752,train_valid,1
CHEMBL27646,train_valid,1
CHEMBL1077638,train_valid,1
CHEMBL196368,train_valid,1
CHEMBL3974108,train_valid,1
CHEMBL1084577,train_valid,1
CHEMBL511718,train_valid,1
CHEMBL214335,train_valid,1
CHEMBL3704748,train_valid,1
CHEMBL1173412,train_valid,1
CHEMBL258292,train_valid,1
CHEMBL270366,train_valid,1
CHEMBL2062933,train_valid,1
CHEMBL1173530,train_valid,1
CHEMBL424496,train_valid,1
CHEMBL1079265,train_valid,1
CHEMBL597530,train_valid,1
CHEMBL598767,train_valid,1
CHEMBL373233,train_valid,1
CHEMBL227232,train_valid,1
CHEMBL218849,train_valid,1
CHEMBL1078164,train_valid,1
CHEMBL466145,train_valid,1
CHEMBL1084033,train_valid,1
CHEMBL147950,train_valid,1
CHEMBL194574,train_valid,1
CHEMBL281594,train_valid,1
CHEMBL3916301,train_valid,1
CHEMBL217975,train_valid,1
CHEMBL232867,train_valid,1
CHEMBL356552,train_valid,1
CHEMBL218847,train_valid,1
CHEMBL220801,train_valid,1
CHEMBL220247,train_valid,1
CHEMBL344513,train_valid,1
CHEMBL514232,train_valid,1
CHEMBL232866,train_valid,1
CHEMBL1641691,train_valid,1
CHEMBL478836,train_valid,1
CHEMBL3949173,train_valid,1
CHEMBL227231,train_valid,1
CHEMBL356981,train_valid,1
CHEMBL3912652,train_valid,1
CHEMBL262357,train_valid,1
CHEMBL370063,train_valid,1
CHEMBL194907,train_valid,1
CHEMBL218262,train_valid,1
CHEMBL796,train_valid,1
CHEMBL198038,train_valid,1
CHEMBL1078170,train_valid,1
CHEMBL232674,train_valid,1
CHEMBL260259,train_valid,1
CHEMBL3982551,train_valid,1
CHEMBL249215,train_valid,1
CHEMBL198176,train_valid,1
CHEMBL146615,train_valid,1
CHEMBL229699,train_valid,1
CHEMBL1173416,train_valid,1
CHEMBL229436,train_valid,1
CHEMBL213754,train_valid,1
CHEMBL1173414,train_valid,1
CHEMBL1173533,train_valid,1
CHEMBL1170233,train_valid,1
CHEMBL1078741,train_valid,1
CHEMBL264159,train_valid,1
CHEMBL218999,train_valid,1
CHEMBL3965642,train_valid,1
CHEMBL468376,train_valid,1
CHEMBL440584,train_valid,1
CHEMBL574008,train_valid,1
CHEMBL427563,train_valid,1
CHEMBL1078743,train_valid,1
CHEMBL386493,train_valid,1
CHEMBL404885,train_valid,1
CHEMBL3704756,train_valid,1
CHEMBL1086273,train_valid,1
CHEMBL3975077,train_valid,1
CHEMBL573531,train_valid,1
CHEMBL569364,train_valid,1
CHEMBL401651,train_valid,1
CHEMBL388612,train_valid,1
CHEMBL226933,train_valid,1
CHEMBL598560,train_valid,1
CHEMBL1078162,train_valid,1
CHEMBL1173754,train_valid,1
CHEMBL1169622,train_valid,1
CHEMBL469165,train_valid,1
CHEMBL221067,train_valid,1
CHEMBL227233,train_valid,1
CHEMBL220765,train_valid,1
CHEMBL296602,train_valid,1
CHEMBL608148,train_valid,1
CHEMBL573971,train_valid,1
CHEMBL220195,train_valid,1
CHEMBL399228,train_valid,1
CHEMBL1083425,train_valid,1
CHEMBL476116,train_valid,1
CHEMBL219703,train_valid,1
CHEMBL219335,train_valid,1
CHEMBL1172760,train_valid,1
CHEMBL1744173,train_valid,1
CHEMBL2113279,train_valid,1
CHEMBL3897671,train_valid,1
CHEMBL232675,train_valid,1
CHEMBL386073,train_valid,1
CHEMBL196110,train_valid,1
CHEMBL218581,train_valid,1
CHEMBL1084309,train_valid,1
CHEMBL438450,train_valid,1
CHEMBL14370,train_valid,1
CHEMBL219334,train_valid,1
CHEMBL147983,train_valid,1
CHEMBL1078073,train_valid,1
CHEMBL249214,train_valid,1
CHEMBL1078312,train_valid,1
CHEMBL467432,train_valid,1
CHEMBL583750,train_valid,1
CHEMBL449235,train_valid,1
CHEMBL597531,train_valid,1
CHEMBL1077647,train_valid,1
CHEMBL1173753,train_valid,1
CHEMBL356531,train_valid,1
CHEMBL196365,train_valid,1
CHEMBL1080969,train_valid,1
CHEMBL145940,train_valid,1
CHEMBL218174,train_valid,1
CHEMBL194781,train_valid,1
CHEMBL477571,train_valid,1
CHEMBL1083708,train_valid,1
CHEMBL549509,train_valid,1
CHEMBL219540,train_valid,1
CHEMBL401070,train_valid,1
CHEMBL272002,train_valid,1
CHEMBL1085321,train_valid,1
CHEMBL468573,train_valid,1
CHEMBL376737,train_valid,1
CHEMBL380559,train_valid,1
CHEMBL517978,train_valid,1
CHEMBL1173085,train_valid,1
CHEMBL1173086,train_valid,1
CHEMBL218193,train_valid,1
CHEMBL1080787,train_valid,1
CHEMBL1173519,train_valid,1
CHEMBL3704753,train_valid,1
CHEMBL1173415,train_valid,1
CHEMBL197960,train_valid,1
CHEMBL468212,train_valid,1
CHEMBL3957797,train_valid,1
CHEMBL1080790,train_valid,1
CHEMBL3704751,train_valid,1
CHEMBL1078169,train_valid,1
CHEMBL573897,train_valid,1
CHEMBL388832,train_valid,1
CHEMBL388760,train_valid,1
CHEMBL394585,train_valid,1
CHEMBL148104,train_valid,1
CHEMBL198275,train_valid,1
CHEMBL232672,train_valid,1
CHEMBL258291,train_valid,1
CHEMBL1080069,train_valid,1
CHEMBL404956,train_valid,1
CHEMBL194310,train_valid,1
CHEMBL197643,train_valid,1
CHEMBL219649,train_valid,1
CHEMBL282380,train_valid,1
CHEMBL466936,train_valid,1
CHEMBL477783,train_valid,1
CHEMBL396083,train_valid,1
CHEMBL3704754,train_valid,1
CHEMBL196751,train_valid,1
CHEMBL249213,train_valid,1
CHEMBL609904,train_valid,1
CHEMBL384649,train_valid,1
CHEMBL146042,train_valid,1
CHEMBL3704749,train_valid,1
CHEMBL575930,train_valid,1
CHEMBL408230,train_valid,1
CHEMBL264160,train_valid,1
CHEMBL264173,train_valid,1
CHEMBL375131,train_valid,1
CHEMBL3912176,train_valid,1
CHEMBL227180,train_valid,1
CHEMBL199116,train_valid,1
CHEMBL401550,train_valid,1
CHEMBL1419,train_valid,1
CHEMBL385607,train_valid,1
CHEMBL1253735,train_valid,1
CHEMBL374769,train_valid,1
CHEMBL405349,train_valid,1
CHEMBL218848,train_valid,1
CHEMBL180101,train_valid,1
CHEMBL26477,train_valid,1
CHEMBL27490,train_valid,1
CHEMBL573769,train_valid,1
CHEMBL598562,train_valid,1
CHEMBL198655,train_valid,1
CHEMBL264418,train_valid,1
CHEMBL408868,train_valid,1
CHEMBL3704750,train_valid,1
CHEMBL468211,train_valid,1
CHEMBL574629,train_valid,1
CHEMBL555121,train_valid,1
CHEMBL405017,train_valid,1
CHEMBL827,train_valid,1
CHEMBL260823,train_valid,1
CHEMBL403956,train_valid,1
CHEMBL226984,train_valid,1
CHEMBL600854,train_valid,1
CHEMBL466187,train_valid,1
CHEMBL3704755,train_valid,1
CHEMBL505592,train_valid,1
CHEMBL3640036,train_valid,1
CHEMBL376113,train_valid,1
CHEMBL1202031,train_valid,1
CHEMBL1173532,train_valid,1
CHEMBL220713,train_valid,1
CHEMBL1253709,train_valid,1
CHEMBL375685,train_valid,1
CHEMBL217987,train_valid,1
CHEMBL372318,train_valid,1
CHEMBL3903154,train_valid,1
CHEMBL476312,train_valid,1
CHEMBL147040,train_valid,1
CHEMBL218997,train_valid,1
CHEMBL476313,train_valid,1
CHEMBL199093,train_valid,1
CHEMBL1083405,train_valid,1
CHEMBL507723,train_valid,1
CHEMBL146332,train_valid,1
CHEMBL1237064,train_valid,1
CHEMBL403441,train_valid,1
CHEMBL2062932,train_valid,1
CHEMBL1086274,train_valid,1
CHEMBL429759,train_valid,1
CHEMBL598561,train_valid,1
CHEMBL261076,train_valid,1
CHEMBL3986502,train_valid,1
CHEMBL263373,train_valid,1
CHEMBL198033,train_valid,1
CHEMBL219224,train_valid,1
CHEMBL1173413,train_valid,1
CHEMBL1788140,train_valid,1
CHEMBL198960,train_valid,1
CHEMBL401069,train_valid,1
CHEMBL26320,train_valid,1
CHEMBL513858,train_valid,1
CHEMBL514560,train_valid,1
CHEMBL194205,train_valid,1
CHEMBL198011,train_valid,1
CHEMBL388759,train_valid,1
CHEMBL245061,train_valid,1
CHEMBL272003,train_valid,1
CHEMBL227179,train_valid,1
CHEMBL512280,train_valid,1
CHEMBL261465,train_valid,1
CHEMBL403363,train_valid,1
CHEMBL478835,train_valid,1
CHEMBL597135,train_valid,1
CHEMBL478622,train_valid,1
CHEMBL376852,train_valid,1
CHEMBL344110,train_valid,1
CHEMBL374634,train_valid,1
CHEMBL408329,train_valid,1
CHEMBL599371,train_valid,1
CHEMBL265951,train_valid,1
CHEMBL1083427,train_valid,1
CHEMBL1173520,train_valid,1
CHEMBL1084971,train_valid,1
CHEMBL403251,train_valid,1
CHEMBL3704757,train_valid,1
CHEMBL597134,train_valid,1
CHEMBL145810,train_valid,1
CHEMBL498564,train_valid,2
CHEMBL236473,train_valid,2
CHEMBL464422,train_valid,2
CHEMBL77867,train_valid,2
CHEMBL323678,train_valid,2
CHEMBL584173,train_valid,2
CHEMBL2321998,train_valid,2
CHEMBL313041,train_valid,2
CHEMBL1224491,train_valid,2
CHEMBL1818452,train_valid,2
CHEMBL498774,train_valid,2
CHEMBL246388,train_valid,2
CHEMBL4793161,train_valid,2
CHEMBL503609,train_valid,2
CHEMBL378536,train_valid,2
CHEMBL380406,train_valid,2
CHEMBL186056,train_valid,2
CHEMBL1818463,train_valid,2
CHEMBL1818465,train_valid,2
CHEMBL559319,train_valid,2
CHEMBL204586,train_valid,2
CHEMBL442924,train_valid,2
CHEMBL207807,train_valid,2
CHEMBL380383,train_valid,2
CHEMBL497549,train_valid,2
CHEMBL1645617,train_valid,2
CHEMBL132955,train_valid,2
CHEMBL1080556,train_valid,2
CHEMBL1645616,train_valid,2
CHEMBL235189,train_valid,2
CHEMBL2326694,train_valid,2
CHEMBL207886,train_valid,2
CHEMBL235833,train_valid,2
CHEMBL3753318,train_valid,2
CHEMBL1645611,train_valid,2
CHEMBL1224321,train_valid,2
CHEMBL205025,train_valid,2
CHEMBL380890,train_valid,2
CHEMBL257909,train_valid,2
CHEMBL3752576,train_valid,2
CHEMBL326713,train_valid,2
CHEMBL459176,train_valid,2
CHEMBL336940,train_valid,2
CHEMBL1645596,train_valid,2
CHEMBL1082210,train_valid,2
CHEMBL551935,train_valid,2
CHEMBL396840,train_valid,2
CHEMBL447750,train_valid,2
CHEMBL216015,train_valid,2
CHEMBL456639,train_valid,2
CHEMBL397520,train_valid,2
CHEMBL381842,train_valid,2
CHEMBL487355,train_valid,2
CHEMBL1080155,train_valid,2
CHEMBL552938,train_valid,2
CHEMBL1818458,train_valid,2
CHEMBL583332,train_valid,2
CHEMBL512736,train_valid,2
CHEMBL204530,train_valid,2
CHEMBL418971,train_valid,2
CHEMBL460406,train_valid,2
CHEMBL457967,train_valid,2
CHEMBL1172526,train_valid,2
CHEMBL594585,train_valid,2
CHEMBL234127,train_valid,2
CHEMBL477572,train_valid,2
CHEMBL3752900,train_valid,2
CHEMBL1645600,train_valid,2
CHEMBL383071,train_valid,2
CHEMBL235351,train_valid,2
CHEMBL550469,train_valid,2
CHEMBL208444,train_valid,2
CHEMBL1169916,train_valid,2
CHEMBL457931,train_valid,2
CHEMBL1081212,train_valid,2
CHEMBL1645603,train_valid,2
CHEMBL1080926,train_valid,2
CHEMBL457966,train_valid,2
CHEMBL574427,train_valid,2
CHEMBL1645614,train_valid,2
CHEMBL1818453,train_valid,2
CHEMBL208067,train_valid,2
CHEMBL232498,train_valid,2
CHEMBL463387,train_valid,2
CHEMBL483316,train_valid,2
CHEMBL447825,train_valid,2
CHEMBL1171425,train_valid,2
CHEMBL4758039,train_valid,2
CHEMBL396838,train_valid,2
CHEMBL476954,train_valid,2
CHEMBL1175,train_valid,2
CHEMBL556093,train_valid,2
CHEMBL452928,train_valid,2
CHEMBL1224402,train_valid,2
CHEMBL4744589,train_valid,2
CHEMBL425589,train_valid,2
CHEMBL2321999,train_valid,2
CHEMBL2321996,train_valid,2
CHEMBL589086,train_valid,2
CHEMBL4204449,train_valid,2
CHEMBL396839,train_valid,2
CHEMBL514759,train_valid,2
CHEMBL473966,train_valid,2
CHEMBL462311,train_valid,2
CHEMBL2321997,train_valid,2
CHEMBL513258,train_valid,2
CHEMBL598346,train_valid,2
CHEMBL551818,train_valid,2
CHEMBL204060,train_valid,2
CHEMBL551471,train_valid,2
CHEMBL564021,train_valid,2
CHEMBL401867,train_valid,2
CHEMBL1818464,train_valid,2
CHEMBL3126730,train_valid,2
CHEMBL2326686,train_valid,2
CHEMBL4205254,train_valid,2
CHEMBL562802,train_valid,2
CHEMBL208232,train_valid,2
CHEMBL186962,train_valid,2
CHEMBL383873,train_valid,2
CHEMBL1945126,train_valid,2
CHEMBL4751312,train_valid,2
CHEMBL424682,train_valid,2
CHEMBL381056,train_valid,2
CHEMBL1170210,train_valid,2
CHEMBL4203894,train_valid,2
CHEMBL1082211,train_valid,2
CHEMBL1818461,train_valid,2
CHEMBL1945127,train_valid,2
CHEMBL497550,train_valid,2
CHEMBL3084884,train_valid,2
CHEMBL451652,train_valid,2
CHEMBL212452,train_valid,2
CHEMBL207860,train_valid,2
CHEMBL575077,train_valid,2
CHEMBL4216117,train_valid,2
CHEMBL456017,train_valid,2
CHEMBL403377,train_valid,2
CHEMBL377785,train_valid,2
CHEMBL2326688,train_valid,2
CHEMBL119605,train_valid,2
CHEMBL396386,train_valid,2
CHEMBL1818454,train_valid,2
CHEMBL132954,train_valid,2
CHEMBL438682,train_valid,2
CHEMBL583752,train_valid,2
CHEMBL1818455,train_valid,2
CHEMBL1082209,train_valid,2
CHEMBL133902,train_valid,2
CHEMBL30713,train_valid,2
CHEMBL393386,train_valid,2
CHEMBL1516187,train_valid,2
CHEMBL383682,train_valid,2
CHEMBL1172524,train_valid,2
CHEMBL511500,train_valid,2
CHEMBL1169912,train_valid,2
CHEMBL1170209,train_valid,2
CHEMBL1171391,train_valid,2
CHEMBL1080907,train_valid,2
CHEMBL1170795,train_valid,2
CHEMBL394470,train_valid,2
CHEMBL564059,train_valid,2
CHEMBL560535,train_valid,2
CHEMBL589177,train_valid,2
CHEMBL1818467,train_valid,2
CHEMBL392927,train_valid,2
CHEMBL202644,train_valid,2
CHEMBL204814,train_valid,2
CHEMBL1373,train_valid,2
CHEMBL1170374,train_valid,2
CHEMBL1076586,train_valid,2
CHEMBL1645604,train_valid,2
CHEMBL561599,train_valid,2
CHEMBL589179,train_valid,2
CHEMBL493384,train_valid,2
CHEMBL564285,train_valid,2
CHEMBL517305,train_valid,2
CHEMBL482903,train_valid,2
CHEMBL208251,train_valid,2
CHEMBL1172525,train_valid,2
CHEMBL4207658,train_valid,2
CHEMBL1645613,train_valid,2
CHEMBL781,train_valid,2
CHEMBL1818468,train_valid,2
CHEMBL1224490,train_valid,2
CHEMBL574004,train_valid,2
CHEMBL1081254,train_valid,2
CHEMBL1818457,train_valid,2
CHEMBL324967,train_valid,2
CHEMBL512551,train_valid,2
CHEMBL236422,train_valid,2
CHEMBL1224320,train_valid,2
CHEMBL595063,train_valid,2
CHEMBL4742878,train_valid,2
CHEMBL440878,train_valid,2
CHEMBL1081648,train_valid,2
CHEMBL520301,train_valid,2
CHEMBL2326685,train_valid,2
CHEMBL476942,train_valid,2
CHEMBL4202787,train_valid,2
CHEMBL1818459,train_valid,2
CHEMBL2326687,train_valid,2
CHEMBL574347,train_valid,2
CHEMBL395649,train_valid,2
CHEMBL3126751,train_valid,2
CHEMBL207719,train_valid,2
CHEMBL589178,train_valid,2
CHEMBL438321,train_valid,2
CHEMBL1645612,train_valid,2
CHEMBL324269,train_valid,2
CHEMBL395910,train_valid,2
CHEMBL336920,train_valid,2
CHEMBL1818466,train_valid,2
CHEMBL2322002,train_valid,2
CHEMBL519819,train_valid,2
CHEMBL4752743,train_valid,2
CHEMBL401683,train_valid,2
CHEMBL382783,train_valid,2
CHEMBL518276,train_valid,2
CHEMBL1818462,train_valid,2
CHEMBL1645601,train_valid,2
CHEMBL257738,train_valid,2
CHEMBL257221,train_valid,2
CHEMBL563384,train_valid,2
CHEMBL3085021,train_valid,2
CHEMBL332098,train_valid,2
CHEMBL132082,train_valid,2
CHEMBL1200406,train_valid,2
CHEMBL1170017,train_valid,2
CHEMBL183470,train_valid,2
CHEMBL109571,train_valid,2
CHEMBL1080755,train_valid,2
CHEMBL575290,train_valid,2
CHEMBL463431,train_valid,2
CHEMBL1080389,train_valid,2
CHEMBL444540,train_valid,2
CHEMBL3754166,train_valid,2
CHEMBL1645605,train_valid,2
CHEMBL574231,train_valid,2
CHEMBL331799,train_valid,2
CHEMBL1645615,train_valid,2
CHEMBL1170211,train_valid,2
CHEMBL457968,train_valid,2
CHEMBL332097,train_valid,2
CHEMBL591514,train_valid,2
CHEMBL3126750,train_valid,2
CHEMBL461268,train_valid,2
CHEMBL326706,train_valid,2
CHEMBL1201192,train_valid,2
CHEMBL208420,train_valid,2
CHEMBL231858,train_valid,2
CHEMBL419385,train_valid,2
CHEMBL550870,train_valid,2
CHEMBL1672355,train_valid,2
CHEMBL420142,train_valid,2
CHEMBL4764284,train_valid,2
CHEMBL441358,train_valid,2
CHEMBL1170213,train_valid,2
CHEMBL1081649,train_valid,2
CHEMBL232870,train_valid,2
CHEMBL56367,train_valid,2
CHEMBL4062435,train_valid,2
CHEMBL325669,train_valid,2
CHEMBL2326684,train_valid,2
CHEMBL215236,train_valid,2
CHEMBL1645598,train_valid,2
CHEMBL457930,train_valid,2
CHEMBL1670,train_valid,2
CHEMBL583751,train_valid,2
CHEMBL1201203,train_valid,2
CHEMBL3754496,train_valid,2
CHEMBL232879,train_valid,2
CHEMBL235626,train_valid,2
CHEMBL503378,train_valid,2
CHEMBL109517,train_valid,2
CHEMBL456223,train_valid,2
CHEMBL429015,train_valid,2
CHEMBL4214975,train_valid,2
CHEMBL573898,train_valid,2
CHEMBL574428,train_valid,2
CHEMBL1645602,train_valid,2
CHEMBL1645599,train_valid,2
CHEMBL1170794,train_valid,2
CHEMBL564094,train_valid,2
CHEMBL552341,train_valid,2
CHEMBL4740660,train_valid,2
CHEMBL1818456,train_valid,2
CHEMBL2321995,train_valid,2
CHEMBL383745,train_valid,2
CHEMBL458639,train_valid,2
CHEMBL322348,train_valid,2
CHEMBL516730,train_valid,2
CHEMBL2322000,train_valid,2
CHEMBL556539,train_valid,2
CHEMBL111128,train_valid,2
CHEMBL1080735,train_valid,2
CHEMBL4063478,train_valid,2
CHEMBL429630,train_valid,2
CHEMBL4217581,train_valid,2
CHEMBL326466,train_valid,2
CHEMBL1645597,train_valid,2
CHEMBL1818451,train_valid,2
CHEMBL2391541,train_valid,2
CHEMBL1224492,train_valid,2
CHEMBL526849,train_valid,2
CHEMBL480988,train_valid,2
CHEMBL432022,train_valid,2
CHEMBL557119,train_valid,2
CHEMBL552338,train_valid,2
CHEMBL520970,train_valid,2
CHEMBL497338,train_valid,2
CHEMBL2326693,train_valid,2
CHEMBL501919,train_valid,2
CHEMBL442843,train_valid,2
CHEMBL272699,train_valid,2
CHEMBL336100,train_valid,2
CHEMBL1818460,train_valid,2
CHEMBL232070,train_valid,2
CHEMBL4794169,train_valid,2
CHEMBL317757,train_valid,2
CHEMBL336613,train_valid,2
CHEMBL570317,train_valid,2
CHEMBL561739,train_valid,2
CHEMBL4208779,train_valid,2
CHEMBL234128,train_valid,2
CHEMBL592697,train_valid,2
CHEMBL11493,train_valid,2
CHEMBL4761695,train_valid,3
CHEMBL403570,train_valid,3
CHEMBL4753189,train_valid,3
CHEMBL5086370,train_valid,3
CHEMBL3321792,train_valid,3
CHEMBL2326695,train_valid,3
CHEMBL1171392,train_valid,3
CHEMBL259209,train_valid,3
CHEMBL202939,train_valid,3
CHEMBL1173341,train_valid,3
CHEMBL519609,train_valid,3
CHEMBL3321791,train_valid,3
CHEMBL333476,train_valid,3
CHEMBL511347,train_valid,3
CHEMBL1641695,train_valid,3
CHEMBL1172850,train_valid,3
CHEMBL1641694,train_valid,3
CHEMBL2386163,train_valid,3
CHEMBL596806,train_valid,3
CHEMBL394089,train_valid,3
CHEMBL1224094,train_valid,3
CHEMBL4227100,train_valid,3
CHEMBL304656,train_valid,3
CHEMBL26649,train_valid,3
CHEMBL361259,train_valid,3
CHEMBL492916,train_valid,3
CHEMBL2030636,train_valid,3
CHEMBL130668,train_valid,3
CHEMBL498367,train_valid,3
CHEMBL493130,train_valid,3
CHEMBL1170585,train_valid,3
CHEMBL456221,train_valid,3
CHEMBL215988,train_valid,3
CHEMBL2326691,train_valid,3
CHEMBL573532,train_valid,3
CHEMBL560673,train_valid,3
CHEMBL575700,train_valid,3
CHEMBL498565,train_valid,3
CHEMBL2321990,train_valid,3
CHEMBL120490,train_valid,3
CHEMBL476839,train_valid,3
CHEMBL609023,train_valid,3
CHEMBL294105,train_valid,3
CHEMBL450769,train_valid,3
CHEMBL2205811,train_valid,3
CHEMBL1224317,train_valid,3
CHEMBL478833,train_valid,3
CHEMBL459391,train_valid,3
CHEMBL467736,train_valid,3
CHEMBL602323,train_valid,3
CHEMBL4754102,train_valid,3
CHEMBL1224401,train_valid,3
CHEMBL1643902,train_valid,3
CHEMBL1172919,train_valid,3
CHEMBL459852,train_valid,3
CHEMBL404247,train_valid,3
CHEMBL1641696,train_valid,3
CHEMBL463388,train_valid,3
CHEMBL1645609,train_valid,3
CHEMBL1818469,train_valid,3
CHEMBL460407,train_valid,3
CHEMBL232663,train_valid,3
CHEMBL55505,train_valid,3
CHEMBL451232,train_valid,3
CHEMBL511163,train_valid,3
CHEMBL1641692,train_valid,3
CHEMBL513859,train_valid,3
CHEMBL2031876,train_valid,3
CHEMBL179249,train_valid,3
CHEMBL4227688,train_valid,3
CHEMBL575714,train_valid,3
CHEMBL270165,train_valid,3
CHEMBL343211,train_valid,3
CHEMBL411263,train_valid,3
CHEMBL461705,train_valid,3
CHEMBL1641693,train_valid,3
CHEMBL71,train_valid,3
CHEMBL2203551,train_valid,3
CHEMBL553224,train_valid,3
CHEMBL2432055,train_valid,3
CHEMBL4090416,train_valid,3
CHEMBL574127,train_valid,3
CHEMBL449277,train_valid,3
CHEMBL401071,train_valid,3
CHEMBL5081245,train_valid,3
CHEMBL511525,train_valid,3
CHEMBL388255,train_valid,3
CHEMBL450184,train_valid,3
CHEMBL2386164,train_valid,3
CHEMBL562533,train_valid,3
CHEMBL243204,train_valid,3
CHEMBL3321790,train_valid,3
CHEMBL408206,train_valid,3
CHEMBL1224093,train_valid,3
CHEMBL443797,train_valid,3
CHEMBL135,train_valid,3
CHEMBL442234,train_valid,3
CHEMBL3323104,train_valid,3
CHEMBL575899,train_valid,3
CHEMBL113136,train_valid,3
CHEMBL607871,train_valid,3
CHEMBL1231,train_valid,3
CHEMBL3323095,train_valid,3
CHEMBL1224399,train_valid,3
CHEMBL2031874,train_valid,3
CHEMBL497140,train_valid,3
CHEMBL3323105,train_valid,3
CHEMBL1641697,train_valid,3
CHEMBL1645606,train_valid,3
CHEMBL558651,train_valid,3
CHEMBL468208,train_valid,3
CHEMBL1818542,train_valid,3
CHEMBL2031885,train_valid,3
CHEMBL476320,train_valid,3
CHEMBL294481,train_valid,3
CHEMBL286312,train_valid,3
CHEMBL3417585,train_valid,3
CHEMBL270607,train_valid,3
CHEMBL477587,train_valid,3
CHEMBL333280,train_valid,3
CHEMBL4278465,train_valid,3
CHEMBL446084,train_valid,3
CHEMBL147544,train_valid,3
CHEMBL1744190,train_valid,3
CHEMBL47050,train_valid,3
CHEMBL465123,train_valid,3
CHEMBL2170610,train_valid,3
CHEMBL493369,train_valid,3
CHEMBL2338055,train_valid,3
CHEMBL2180074,train_valid,3
CHEMBL54465,train_valid,3
CHEMBL610220,train_valid,3
CHEMBL1224024,train_valid,3
CHEMBL3918282,train_valid,3
CHEMBL4520788,train_valid,3
CHEMBL398009,train_valid,3
CHEMBL1818543,train_valid,3
CHEMBL1171007,train_valid,3
CHEMBL1945782,train_valid,3
CHEMBL926,train_valid,3
CHEMBL570781,train_valid,3
CHEMBL331334,train_valid,3
CHEMBL335165,train_valid,3
CHEMBL463389,train_valid,3
CHEMBL1643899,train_valid,3
CHEMBL173861,train_valid,3
CHEMBL456222,train_valid,3
CHEMBL1643772,train_valid,3
CHEMBL554336,train_valid,3
CHEMBL463585,train_valid,3
CHEMBL2031877,train_valid,3
CHEMBL558525,train_valid,3
CHEMBL468207,train_valid,3
CHEMBL596175,train_valid,3
CHEMBL5201983,train_valid,3
CHEMBL4639814,train_valid,3
CHEMBL450987,train_valid,3
CHEMBL637,train_valid,3
CHEMBL496938,train_valid,3
CHEMBL3663908,train_valid,3
CHEMBL598228,train_valid,3
CHEMBL295467,train_valid,3
CHEMBL402644,train_valid,3
CHEMBL3931765,train_valid,3
CHEMBL394373,train_valid,3
CHEMBL5191141,train_valid,3
CHEMBL2177497,train_valid,3
CHEMBL1947092,train_valid,3
CHEMBL564934,train_valid,3
CHEMBL3663907,train_valid,3
CHEMBL4578164,train_valid,3
CHEMBL2338054,train_valid,3
CHEMBL333667,train_valid,3
CHEMBL411262,train_valid,3
CHEMBL2031884,train_valid,3
CHEMBL91,train_valid,3
CHEMBL1224090,train_valid,3
CHEMBL1224089,train_valid,3
CHEMBL4228464,train_valid,3
CHEMBL1080968,train_valid,3
CHEMBL233088,train_valid,3
CHEMBL582928,train_valid,3
CHEMBL599593,train_valid,3
CHEMBL347772,train_valid,3
CHEMBL6731,train_valid,3
CHEMBL4797981,train_valid,3
CHEMBL3085023,train_valid,3
CHEMBL403148,train_valid,3
CHEMBL550402,train_valid,3
CHEMBL573973,train_valid,3
CHEMBL120951,train_valid,3
CHEMBL541196,train_valid,3
CHEMBL242920,train_valid,3
CHEMBL2321991,train_valid,3
CHEMBL573766,train_valid,3
CHEMBL2386165,train_valid,3
CHEMBL511756,train_valid,3
CHEMBL808,train_valid,3
CHEMBL4634776,train_valid,3
CHEMBL4226867,train_valid,3
CHEMBL2321992,train_valid,3
CHEMBL421867,train_valid,3
CHEMBL4533250,train_valid,3
CHEMBL1224091,train_valid,3
CHEMBL599798,train_valid,3
CHEMBL2386166,train_valid,3
CHEMBL1079264,train_valid,3
CHEMBL5090705,train_valid,3
CHEMBL202565,train_valid,3
CHEMBL573972,train_valid,3
CHEMBL828,train_valid,3
CHEMBL1170396,train_valid,3
CHEMBL3609637,train_valid,3
CHEMBL381256,train_valid,3
CHEMBL1644980,train_valid,3
CHEMBL2321993,train_valid,3
CHEMBL3663915,train_valid,3
CHEMBL43048,train_valid,3
CHEMBL1645607,train_valid,3
CHEMBL132614,train_valid,3
CHEMBL602850,train_valid,3
CHEMBL498775,train_valid,3
CHEMBL610795,train_valid,3
CHEMBL574348,train_valid,3
CHEMBL1224092,train_valid,3
CHEMBL270099,train_valid,3
CHEMBL4563018,train_valid,3
CHEMBL2432048,train_valid,3
CHEMBL525371,train_valid,3
CHEMBL248824,train_valid,3
CHEMBL4293307,train_valid,3
CHEMBL612232,train_valid,3
CHEMBL459367,train_valid,3
CHEMBL942,train_valid,3
CHEMBL498566,train_valid,3
CHEMBL1224562,train_valid,3
CHEMBL596796,train_valid,3
CHEMBL461706,train_valid,3
CHEMBL371932,train_valid,3
CHEMBL204232,train_valid,3
CHEMBL1170397,train_valid,3
CHEMBL201977,train_valid,3
CHEMBL1224025,train_valid,3
CHEMBL123830,train_valid,3
CHEMBL1170793,train_valid,3
CHEMBL3609749,train_valid,3
CHEMBL2432045,train_valid,3
CHEMBL561132,train_valid,3
CHEMBL4777443,train_valid,3
CHEMBL596805,train_valid,3
CHEMBL2432061,train_valid,3
CHEMBL459390,train_valid,3
CHEMBL2031737,train_valid,3
CHEMBL402143,train_valid,3
CHEMBL563117,train_valid,3
CHEMBL330666,train_valid,3
CHEMBL445977,train_valid,3
CHEMBL466733,train_valid,3
CHEMBL599639,train_valid,3
CHEMBL3663911,train_valid,3
CHEMBL3913012,train_valid,3
CHEMBL270791,train_valid,3
CHEMBL273157,train_valid,3
CHEMBL1224400,train_valid,3
CHEMBL445747,train_valid,3
CHEMBL181188,train_valid,3
CHEMBL409877,train_valid,3
CHEMBL233530,train_valid,3
CHEMBL5091642,train_valid,3
CHEMBL3323091,train_valid,3
CHEMBL3663919,train_valid,3
CHEMBL273208,train_valid,3
CHEMBL555146,train_valid,3
CHEMBL608430,train_valid,3
CHEMBL691,train_valid,3
CHEMBL448912,train_valid,3
CHEMBL4227753,train_valid,3
CHEMBL2205813,train_valid,3
CHEMBL558065,train_valid,3
CHEMBL2206445,train_valid,3
CHEMBL118794,train_valid,3
CHEMBL145994,train_valid,3
CHEMBL393701,train_valid,3
CHEMBL2321994,train_valid,3
CHEMBL4558518,train_valid,3
CHEMBL5078669,train_valid,3
CHEMBL477573,train_valid,3
CHEMBL396318,train_valid,3
CHEMBL450907,train_valid,3
CHEMBL41,train_valid,3
CHEMBL4535474,train_valid,3
CHEMBL1118,train_valid,3
CHEMBL3323179,train_valid,3
CHEMBL4798801,train_valid,3
CHEMBL558329,train_valid,3
CHEMBL3417586,train_valid,3
CHEMBL596784,train_valid,3
CHEMBL557660,train_valid,3
CHEMBL549510,train_valid,3
CHEMBL451264,train_valid,3
CHEMBL206128,train_valid,3
CHEMBL515472,train_valid,3
CHEMBL5077561,train_valid,3
CHEMBL1645608,train_valid,3
CHEMBL202055,train_valid,3
CHEMBL395609,train_valid,3
CHEMBL497340,train_valid,3
CHEMBL2030635,train_valid,3
CHEMBL293583,train_valid,3
CHEMBL596795,train_valid,3
CHEMBL466538,train_valid,3
CHEMBL1643900,train_valid,3
CHEMBL133043,train_valid,3
CHEMBL429,train_valid,3
CHEMBL2326692,train_valid,3
CHEMBL550401,train_valid,3
CHEMBL377498,train_valid,3
CHEMBL461707,train_valid,3
CHEMBL2206441,train_valid,3
CHEMBL246955,train_valid,3
CHEMBL270625,train_valid,3
CHEMBL322067,train_valid,3
CHEMBL130477,train_valid,3
CHEMBL2180073,train_valid,3
CHEMBL1224563,train_valid,3
CHEMBL1643901,train_valid,3
CHEMBL4564992,train_valid,3
CHEMBL596185,train_valid,3
CHEMBL43064,train_valid,4
CHEMBL283662,train_valid,4
CHEMBL549584,train_valid,4
CHEMBL728,train_valid,4
CHEMBL1914692,train_valid,4
CHEMBL122452,train_valid,4
CHEMBL199103,train_valid,4
CHEMBL596987,train_valid,4
CHEMBL467757,train_valid,4
CHEMBL499461,train_valid,4
CHEMBL954,train_valid,4
CHEMBL1672288,train_valid,4
CHEMBL1632174,train_valid,4
CHEMBL4754103,train_valid,4
CHEMBL83,train_valid,4
CHEMBL372199,train_valid,4
CHEMBL204288,train_valid,4
CHEMBL598215,train_valid,4
CHEMBL1945249,train_valid,4
CHEMBL1914699,train_valid,4
CHEMBL1224239,train_valid,4
CHEMBL196760,train_valid,4
CHEMBL1258223,train_valid,4
CHEMBL511950,train_valid,4
CHEMBL2326690,train_valid,4
CHEMBL460204,train_valid,4
CHEMBL3663916,train_valid,4
CHEMBL417035,train_valid,4
CHEMBL328415,train_valid,4
CHEMBL629,train_valid,4
CHEMBL2021582,train_valid,4
CHEMBL4085107,train_valid,4
CHEMBL1224164,train_valid,4
CHEMBL243141,train_valid,4
CHEMBL493568,train_valid,4
CHEMBL236046,train_valid,4
CHEMBL1258671,train_valid,4
CHEMBL455221,train_valid,4
CHEMBL2326689,train_valid,4
CHEMBL3799512,train_valid,4
CHEMBL603480,train_valid,4
CHEMBL322385,train_valid,4
CHEMBL571443,train_valid,4
CHEMBL383464,train_valid,4
CHEMBL2336611,train_valid,4
CHEMBL1818444,train_valid,4
CHEMBL466750,train_valid,4
CHEMBL4636778,train_valid,4
CHEMBL4277264,train_valid,4
CHEMBL391947,train_valid,4
CHEMBL559802,train_valid,4
CHEMBL229429,train_valid,4
CHEMBL726,train_valid,4
CHEMBL1224240,train_valid,4
CHEMBL566193,train_valid,4
CHEMBL595540,train_valid,4
CHEMBL1170212,train_valid,4
CHEMBL1914696,train_valid,4
CHEMBL504231,train_valid,4
CHEMBL608704,train_valid,4
CHEMBL505431,train_valid,4
CHEMBL565386,train_valid,4
CHEMBL1224034,train_valid,4
CHEMBL3612941,train_valid,4
CHEMBL27979,train_valid,4
CHEMBL3954574,train_valid,4
CHEMBL375118,train_valid,4
CHEMBL1091513,train_valid,4
CHEMBL2180069,train_valid,4
CHEMBL1177,train_valid,4
CHEMBL4572614,train_valid,4
CHEMBL1632158,train_valid,4
CHEMBL4549596,train_valid,4
CHEMBL124222,train_valid,4
CHEMBL373773,train_valid,4
CHEMBL1083705,train_valid,4
CHEMBL2029053,train_valid,4
CHEMBL631,train_valid,4
CHEMBL4539105,train_valid,4
CHEMBL3480577,train_valid,4
CHEMBL407803,train_valid,4
CHEMBL611379,train_valid,4
CHEMBL150045,train_valid,4
CHEMBL204759,train_valid,4
CHEMBL239616,train_valid,4
CHEMBL216773,train_valid,4
CHEMBL482496,train_valid,4
CHEMBL467094,train_valid,4
CHEMBL611367,train_valid,4
CHEMBL2030626,train_valid,4
CHEMBL467585,train_valid,4
CHEMBL203013,train_valid,4
CHEMBL551135,train_valid,4
CHEMBL4208250,train_valid,4
CHEMBL2203406,train_valid,4
CHEMBL2432039,train_valid,4
CHEMBL103936,train_valid,4
CHEMBL324518,train_valid,4
CHEMBL594388,train_valid,4
CHEMBL428,train_valid,4
CHEMBL606809,train_valid,4
CHEMBL595767,train_valid,4
CHEMBL1644978,train_valid,4
CHEMBL596989,train_valid,4
CHEMBL538405,train_valid,4
CHEMBL1201353,train_valid,4
CHEMBL4743313,train_valid,4
CHEMBL137020,train_valid,4
CHEMBL466006,train_valid,4
CHEMBL44,train_valid,4
CHEMBL4514672,train_valid,4
CHEMBL4227027,train_valid,4
CHEMBL1172744,train_valid,4
CHEMBL3663920,train_valid,4
CHEMBL4640372,train_valid,4
CHEMBL81,train_valid,4
CHEMBL3897415,train_valid,4
CHEMBL3663917,train_valid,4
CHEMBL307314,train_valid,4
CHEMBL3126735,train_valid,4
CHEMBL137718,train_valid,4
CHEMBL69380,train_valid,4
CHEMBL67024,train_valid,4
CHEMBL564288,train_valid,4
CHEMBL1945250,train_valid,4
CHEMBL119385,train_valid,4
CHEMBL2029052,train_valid,4
CHEMBL343534,train_valid,4
CHEMBL1083706,train_valid,4
CHEMBL571893,train_valid,4
CHEMBL1224161,train_valid,4
CHEMBL4551344,train_valid,4
CHEMBL1200633,train_valid,4
CHEMBL4160064,train_valid,4
CHEMBL199824,train_valid,4
CHEMBL121460,train_valid,4
CHEMBL3685796,train_valid,4
CHEMBL597000,train_valid,4
CHEMBL481153,train_valid,4
CHEMBL5089012,train_valid,4
CHEMBL1818445,train_valid,4
CHEMBL388257,train_valid,4
CHEMBL4213176,train_valid,4
CHEMBL248825,train_valid,4
CHEMBL607547,train_valid,4
CHEMBL2030637,train_valid,4
CHEMBL1914695,train_valid,4
CHEMBL556299,train_valid,4
CHEMBL559137,train_valid,4
CHEMBL633,train_valid,4
CHEMBL4227444,train_valid,4
CHEMBL611962,train_valid,4
CHEMBL4745777,train_valid,4
CHEMBL590615,train_valid,4
CHEMBL1940403,train_valid,4
CHEMBL451500,train_valid,4
CHEMBL1173607,train_valid,4
CHEMBL121611,train_valid,4
CHEMBL1818443,train_valid,4
CHEMBL3323184,train_valid,4
CHEMBL4762270,train_valid,4
CHEMBL542436,train_valid,4
CHEMBL1196025,train_valid,4
CHEMBL337020,train_valid,4
CHEMBL1080789,train_valid,4
CHEMBL122859,train_valid,4
CHEMBL4466483,train_valid,4
CHEMBL564935,train_valid,4
CHEMBL451838,train_valid,4
CHEMBL402924,train_valid,4
CHEMBL476108,train_valid,4
CHEMBL1411979,train_valid,4
CHEMBL334255,train_valid,4
CHEMBL4291048,train_valid,4
CHEMBL4516982,train_valid,4
CHEMBL296419,train_valid,4
CHEMBL1940404,train_valid,4
CHEMBL340281,train_valid,4
CHEMBL4074774,train_valid,4
CHEMBL237512,train_valid,4
CHEMBL35411,train_valid,4
CHEMBL1831166,train_valid,4
CHEMBL566418,train_valid,4
CHEMBL3663918,train_valid,4
CHEMBL399430,train_valid,4
CHEMBL327055,train_valid,4
CHEMBL1479,train_valid,4
CHEMBL3663913,train_valid,4
CHEMBL50498,train_valid,4
CHEMBL3800596,train_valid,4
CHEMBL809,train_valid,4
CHEMBL4540759,train_valid,4
CHEMBL1626,train_valid,4
CHEMBL611960,train_valid,4
CHEMBL258930,train_valid,4
CHEMBL5174205,train_valid,4
CHEMBL396754,train_valid,4
CHEMBL232069,train_valid,4
CHEMBL357312,train_valid,4
CHEMBL3323107,train_valid,4
CHEMBL250000,train_valid,4
CHEMBL4226233,train_valid,4
CHEMBL30008,train_valid,4
CHEMBL1818450,train_valid,4
CHEMBL2179222,train_valid,4
CHEMBL3916231,train_valid,4
CHEMBL415,train_valid,4
CHEMBL157101,train_valid,4
CHEMBL4764679,train_valid,4
CHEMBL4530401,train_valid,4
CHEMBL3323101,train_valid,4
CHEMBL1224095,train_valid,4
CHEMBL569700,train_valid,4
CHEMBL723,train_valid,4
CHEMBL3663909,train_valid,4
CHEMBL235625,train_valid,4
CHEMBL595677,train_valid,4
CHEMBL464099,train_valid,4
CHEMBL3085020,train_valid,4
CHEMBL2029055,train_valid,4
CHEMBL3663912,train_valid,4
CHEMBL232068,train_valid,4
CHEMBL120269,train_valid,4
CHEMBL403571,train_valid,4
CHEMBL3104092,train_valid,4
CHEMBL4446366,train_valid,4
CHEMBL4747264,train_valid,4
CHEMBL477148,train_valid,4
CHEMBL1224241,train_valid,4
CHEMBL566420,train_valid,4
CHEMBL595674,train_valid,4
CHEMBL357322,train_valid,4
CHEMBL66112,train_valid,4
CHEMBL595539,train_valid,4
CHEMBL2031873,train_valid,4
CHEMBL360328,train_valid,4
CHEMBL2165447,train_valid,4
CHEMBL4514203,train_valid,4
CHEMBL558853,train_valid,4
CHEMBL201976,train_valid,4
CHEMBL9514,train_valid,4
CHEMBL1645618,train_valid,4
CHEMBL451837,train_valid,4
CHEMBL250689,train_valid,4
CHEMBL4227955,train_valid,4
CHEMBL303494,train_valid,4
CHEMBL486537,train_valid,4
CHEMBL3323097,train_valid,4
CHEMBL391912,train_valid,4
CHEMBL416409,train_valid,4
CHEMBL2432049,train_valid,4
CHEMBL221753,train_valid,4
CHEMBL3964962,train_valid,4
CHEMBL3323094,train_valid,4
CHEMBL550932,train_valid,4
CHEMBL19215,train_valid,4
CHEMBL1818449,train_valid,4
CHEMBL2112594,train_valid,4
CHEMBL3323185,train_valid,4
CHEMBL219707,train_valid,4
CHEMBL1818441,train_valid,4
CHEMBL220819,train_valid,4
CHEMBL1491,train_valid,4
CHEMBL2021583,train_valid,4
CHEMBL4167315,train_valid,4
CHEMBL210514,train_valid,4
CHEMBL2432050,train_valid,4
CHEMBL611959,train_valid,4
CHEMBL4528651,train_valid,4
CHEMBL4472703,train_valid,4
CHEMBL598644,train_valid,4
CHEMBL454507,train_valid,4
CHEMBL567479,train_valid,4
CHEMBL590472,train_valid,4
CHEMBL1818447,train_valid,4
CHEMBL342055,train_valid,4
CHEMBL584,train_valid,4
CHEMBL394755,train_valid,4
CHEMBL4169689,train_valid,4
CHEMBL420900,train_valid,4
CHEMBL4776192,train_valid,4
CHEMBL241115,train_valid,4
CHEMBL1224319,train_valid,4
CHEMBL595751,train_valid,4
CHEMBL202860,train_valid,4
CHEMBL118,train_valid,4
CHEMBL3104091,train_valid,4
CHEMBL233532,train_valid,4
CHEMBL2112595,train_valid,4
CHEMBL543390,train_valid,4
CHEMBL132676,train_valid,4
CHEMBL560536,train_valid,4
CHEMBL3663906,train_valid,4
CHEMBL27907,train_valid,4
CHEMBL1645619,train_valid,4
CHEMBL456654,train_valid,4
CHEMBL205005,train_valid,4
CHEMBL417049,train_valid,4
CHEMBL3897499,train_valid,4
CHEMBL549,train_valid,4
CHEMBL964,train_valid,4
CHEMBL232299,train_valid,4
CHEMBL445,train_valid,4
CHEMBL2179217,train_valid,4
CHEMBL249854,train_valid,4
CHEMBL960,train_valid,4
CHEMBL1242923,train_valid,4
CHEMBL4282264,train_valid,4
CHEMBL487763,train_valid,4
CHEMBL219281,train_valid,4
CHEMBL14144,train_valid,4
CHEMBL605119,train_valid,4
CHEMBL249807,train_valid,4
CHEMBL2308105,train_valid,4
CHEMBL12131,train_valid,4
CHEMBL564071,train_valid,4
CHEMBL4544690,train_valid,4
CHEMBL67078,train_valid,4
CHEMBL1818547,train_valid,4
CHEMBL1224165,train_valid,4
CHEMBL334577,train_valid,4
CHEMBL599240,train_valid,4
CHEMBL503,train_valid,4
CHEMBL4564126,train_valid,4
CHEMBL209821,train_valid,4
CHEMBL3319405,train_valid,4
CHEMBL1083707,train_valid,4
CHEMBL544370,train_valid,4
CHEMBL561878,test,0
CHEMBL17157,test,0
CHEMBL3663914,test,0
CHEMBL3663910,test,0
CHEMBL3321789,test,0
CHEMBL595638,test,0
CHEMBL1818545,test,0
CHEMBL1172,test,0
CHEMBL4447975,test,0
CHEMBL1062,test,0
CHEMBL136249,test,0
CHEMBL55,test,0
CHEMBL231684,test,0
CHEMBL600053,test,0
CHEMBL247933,test,0
CHEMBL508112,test,0
CHEMBL104,test,0
CHEMBL325826,test,0
CHEMBL136154,test,0
CHEMBL1171975,test,0
CHEMBL4746100,test,0
CHEMBL1914697,test,0
CHEMBL562569,test,0
CHEMBL1914693,test,0
CHEMBL370805,test,0
CHEMBL149878,test,0
CHEMBL4520293,test,0
CHEMBL279556,test,0
CHEMBL1173595,test,0
CHEMBL511,test,0
CHEMBL441864,test,0
CHEMBL567482,test,0
CHEMBL1945783,test,0
CHEMBL4642292,test,0
CHEMBL3099773,test,0
CHEMBL508678,test,0
CHEMBL595766,test,0
CHEMBL1172902,test,0
CHEMBL3321788,test,0
CHEMBL1818448,test,0
CHEMBL1258452,test,0
CHEMBL1262,test,0
CHEMBL136057,test,0
CHEMBL1170373,test,0
CHEMBL1818446,test,0
CHEMBL391911,test,0
CHEMBL4572167,test,0
CHEMBL115253,test,0
CHEMBL1224163,test,0
CHEMBL377510,test,0
CHEMBL511603,test,0
CHEMBL4469848,test,0
CHEMBL1221,test,0
CHEMBL141343,test,0
CHEMBL1645610,test,0
CHEMBL112528,test,0
CHEMBL3323099,test,0
CHEMBL608560,test,0
CHEMBL3323182,test,0
CHEMBL611963,test,0
CHEMBL3897750,test,0
CHEMBL2037528,test,0
CHEMBL149246,test,0
CHEMBL4216870,test,0
CHEMBL1224162,test,0
CHEMBL3923870,test,0
CHEMBL2432044,test,0
CHEMBL456638,test,0
CHEMBL3323102,test,0
CHEMBL1818546,test,0
CHEMBL2205832,test,0
CHEMBL4217988,test,0
CHEMBL607546,test,0
CHEMBL514447,test,0
CHEMBL1169733,test,0
CHEMBL391074,test,0
CHEMBL303266,test,0
CHEMBL2021577,test,0
CHEMBL196468,test,0
CHEMBL595190,test,0
CHEMBL115710,test,0
CHEMBL1224237,test,0
CHEMBL4225921,test,0
CHEMBL434063,test,0
CHEMBL553395,test,0
CHEMBL111928,test,0
CHEMBL395368,test,0
CHEMBL459165,test,0
CHEMBL305660,test,0
CHEMBL560999,test,0
CHEMBL2432041,test,0
CHEMBL672,test,0
CHEMBL2336610,test,0
CHEMBL3936289,test,0
CHEMBL648,test,0
CHEMBL520869,test,0
CHEMBL114,test,0
CHEMBL2436555,test,0
CHEMBL555565,test,0
CHEMBL504028,test,0
CHEMBL2322001,test,0
CHEMBL1242950,test,0
CHEMBL4075278,test,0
CHEMBL707,test,0
CHEMBL574126,test,0
CHEMBL1914698,test,0
CHEMBL787,test,0
CHEMBL611961,test,0
CHEMBL411,test,0
CHEMBL516088,test,0
CHEMBL4445645,test,0
CHEMBL428408,test,0
CHEMBL235409,test,0
CHEMBL1224316,test,0
CHEMBL479,test,0
CHEMBL4473739,test,0
CHEMBL3735756,test,0
CHEMBL434959,test,0
CHEMBL1971943,test,0
CHEMBL399429,test,0
CHEMBL4470080,test,0
CHEMBL4533718,test,0
CHEMBL1171424,test,0
CHEMBL63703,test,0
CHEMBL508044,test,0
CHEMBL133646,test,0
CHEMBL4560241,test,0
CHEMBL1224160,test,0
CHEMBL486538,test,0
CHEMBL4454100,test,0
CHEMBL3323090,test,0
CHEMBL123252,test,0
CHEMBL396082,test,0
CHEMBL3104093,test,0
CHEMBL432727,test,0
CHEMBL67203,test,0
CHEMBL294733,test,0
CHEMBL4867565,test,0
CHEMBL1224318,test,0
CHEMBL4594433,test,0
CHEMBL3323089,test,0
CHEMBL1079263,test,0
CHEMBL1944643,test,0
CHEMBL369997,test,0
CHEMBL21731,test,0
CHEMBL235408,test,0
CHEMBL4212633,test,0
CHEMBL490,test,0
CHEMBL234379,test,0
CHEMBL323447,test,0
CHEMBL1224238,test,0
CHEMBL219653,test,0
CHEMBL575699,test,0
CHEMBL569270,test,0
CHEMBL64894,test,0
CHEMBL4744634,test,0
CHEMBL303232,test,0
CHEMBL607548,test,0
CHEMBL596001,test,0
CHEMBL121027,test,0
CHEMBL1643898,test,0
CHEMBL198842,test,0
CHEMBL556714,test,0
CHEMBL443979,test,0
CHEMBL3633757,test,0
CHEMBL372378,test,0
CHEMBL577294,test,0
CHEMBL450435,test,0
CHEMBL566618,test,0
CHEMBL1914694,test,0
CHEMBL1829335,test,0
CHEMBL1255834,test,0
CHEMBL1818544,test,0
CHEMBL4457754,test,0
CHEMBL2152944,test,0
CHEMBL426317,test,0
CHEMBL4224830,test,0
CHEMBL3310034,test,0
CHEMBL1306,test,0
CHEMBL561598,test,0
CHEMBL2029054,test,0
CHEMBL575289,test,0
